No,Dep,Nom,pop 2010,longdeg,latdeg
0,1,amberieu en bugey,13835,5.35,45.95
1,1,oyonnax,22650,5.66667,46.25
2,1,bellegarde sur valserine,11790,5.8166699999999985,46.1
3,1,bourg en bresse,40088,5.21667,46.2
4,1,gex,10372,6.0666699999999985,46.3333
5,2,soissons,28646,3.33333,49.3667
6,2,chauny,11983,3.21667,49.6167
7,2,laon,25986,3.61667,49.5667
8,2,tergnier,14139,3.3,49.65
9,2,chateau thierry,14480,3.4,49.05
10,2,saint quentin,55978,3.2833300000000003,49.85
11,2,villers cotterets,10317,3.08333,49.25
12,3,yzeure,13074,3.35,46.5667
13,3,montlucon,38402,2.6,46.3333
14,3,vichy,24774,3.41667,46.1167
15,3,cusset,13370,3.46667,46.1333
16,3,moulins,19590,3.33333,46.5667
17,4,manosque,22105,5.78333,43.8333
18,4,digne les bains,16922,6.23639,44.0933
19,5,gap,39744,6.08333,44.5667
20,5,briancon,11627,6.65,44.9
21,6,vence,19281,7.11667,43.7167
22,6,grasse,51036,6.91667,43.6667
23,6,beausoleil,13515,7.4333300000000015,43.75
24,6,valbonne,12275,7.0,43.6333
25,6,vallauris,28252,7.05,43.5833
26,6,mouans sartoux,10198,6.96667,43.6167
27,6,antibes,74120,7.11667,43.5833
28,6,cannes,73234,7.01667,43.55
29,6,villeneuve loubet,15020,7.11667,43.65
30,6,mougins,18917,7.0,43.6
31,6,le cannet,42320,7.01667,43.5667
32,6,carros,11508,7.1833300000000015,43.8
33,6,la trinite,10332,7.3166699999999985,43.75
34,6,cagnes sur mer,47141,7.15,43.6667
35,6,menton,28858,7.5,43.7833
36,6,saint laurent du var,29963,7.1833300000000015,43.6667
37,6,nice,343304,7.25,43.7
38,6,roquebrune cap martin,12532,7.46667,43.7667
39,6,mandelieu la napoule,22203,6.9333300000000015,43.55
40,7,guilherand granges,11044,4.8747300000000005,44.9345
41,7,tournon sur rhone,10676,4.8327800000000005,45.0673
42,7,annonay,16660,4.66667,45.2333
43,7,aubenas,11323,4.38333,44.6167
44,8,charleville mezieres,49810,4.71667,49.7667
45,8,sedan,18577,4.95,49.7
46,9,pamiers,15372,1.6,43.1167
47,10,la chapelle saint luc,13228,4.05,48.3333
48,10,sainte savine,10196,4.05,48.3
49,10,romilly sur seine,13526,3.71667,48.5167
50,10,saint andre les vergers,11335,4.05,48.2833
51,10,troyes,60280,4.08333,48.3
52,11,carcassonne,47419,2.35,43.2167
53,11,castelnaudary,11753,1.95,43.3167
54,11,limoux,10130,2.23333,43.0667
55,11,narbonne,51039,3.0,43.1833
56,11,lezignan corbieres,10539,2.76667,43.2
57,12,onet le chateau,11084,2.53333,44.3833
58,12,rodez,23917,2.56667,44.3333
59,12,millau,21887,3.08333,44.1
60,12,villefranche de rouergue,12124,2.05,44.35
61,13,saint remy de provence,10617,4.83333,43.7833
62,13,istres,42544,4.9833300000000005,43.5167
63,13,aix en provence,141438,5.4333300000000015,43.5333
64,13,allauch,19521,5.4833300000000005,43.3333
65,13,bouc bel air,13679,5.41667,43.45
66,13,salon de provence,43152,5.1,43.6333
67,13,marseille,850726,5.37639,43.2967
68,13,chateaurenard,14928,4.85,43.8833
69,13,rognac,11770,5.2333300000000005,43.4833
70,13,plan de cuques,10917,5.46667,43.35
71,13,arles,52661,4.63333,43.6667
72,13,aubagne,46423,5.5666699999999985,43.2833
73,13,martigues,47544,5.05,43.4
74,13,port de bouc,17216,4.9833300000000005,43.4
75,13,vitrolles,35021,5.25,43.4667
76,13,tarascon,13297,4.66667,43.8
77,13,septemes les vallons,11209,5.36667,43.4
78,13,miramas,25368,5.0,43.5833
79,13,fos sur mer,15357,4.95,43.4333
80,13,les pennes mirabeau,19482,5.3166699999999985,43.4083
81,13,la ciotat,33829,5.6,43.1667
82,13,trets,10288,5.6833300000000015,43.45
83,13,saint martin de crau,11180,4.8166699999999985,43.6333
84,13,marignane,34485,5.21667,43.4167
85,13,gardanne,20474,5.46667,43.45
86,13,berre l etang,13582,5.1833300000000015,43.4667
87,13,auriol,11764,5.63333,43.3833
88,13,chateauneuf les martigues,11665,5.16667,43.3833
89,14,vire,11999,-0.883333,48.8333
90,14,ifs,11028,-0.35,49.1333
91,14,lisieux,21640,0.233333,49.15
92,14,bayeux,13222,-0.7,49.2667
93,14,herouville saint clair,21434,-0.31666700000000003,49.2
94,14,caen,108954,-0.35,49.1833
95,15,aurillac,27924,2.45,44.9167
96,16,cognac,18557,-0.333333,45.7
97,16,angouleme,41613,0.15,45.65
98,17,saintes,26011,-0.633333,45.75
99,17,la rochelle,75170,-1.15,46.1667
100,17,royan,17946,-1.03333,45.6333
101,17,rochefort,25140,-0.983333,45.9333
102,18,saint amand montrond,10761,2.50555,46.7236
103,18,vierzon,26946,2.08333,47.2167
104,18,bourges,66381,2.4,47.0833
105,19,tulle,14923,1.76667,45.2667
106,19,ussel,10245,2.31667,45.55
107,19,brive la gaillarde,48949,1.53333,45.15
108,21,chenove,14045,5.0,47.2833
109,21,beaune,22394,4.83333,47.0333
110,21,dijon,151212,5.01667,47.3167
111,21,talant,11475,5.0,47.3167
112,22,ploufragan,11111,-2.78333,48.4833
113,22,saint brieuc,46209,-2.78333,48.5167
114,22,lannion,20079,-3.46667,48.7333
115,22,dinan,10819,-2.23639,48.4564
116,22,lamballe,12098,-2.51667,48.4667
117,22,plerin,13788,-2.78333,48.5333
118,23,gueret,13573,1.86667,46.1667
119,24,perigueux,29573,0.716667,45.1833
120,24,bergerac,27648,0.483333,44.85
121,25,valentigney,11388,6.83333,47.4667
122,25,pontarlier,18456,6.36667,46.9
123,25,montbeliard,25875,6.8,47.5167
124,25,audincourt,14825,6.83333,47.4833
125,25,besancon,116914,6.03333,47.25
126,26,romans sur isere,33536,5.05,45.05
127,26,valence,63405,4.9,44.9333
128,26,montelimar,35314,4.75,44.5667
129,26,bourg les valence,18623,4.88333,44.95
130,26,pierrelatte,13026,4.7,44.3833
131,26,bourg de peage,10128,5.05,45.0333
132,27,gisors,11554,1.78333,49.2833
133,27,louviers,17734,1.16667,49.2167
134,27,bernay,10449,0.6,49.1
135,27,vernon,25147,1.48333,49.0833
136,27,val de reuil,13380,1.21028,49.2745
137,27,evreux,50537,1.15,49.0167
138,28,luce,15926,1.46667,48.4333
139,28,chartres,38931,1.5,48.45
140,28,dreux,31031,1.36667,48.7333
141,28,vernouillet,11751,1.36667,48.7167
142,28,chateaudun,13640,1.33333,48.0833
143,28,mainvilliers,10324,1.46667,48.45
144,28,nogent le rotrou,10884,0.833333,48.3167
145,29,le relecq kerhuon,10762,-4.4,48.4
146,29,quimperle,11776,-3.55,47.8667
147,29,plougastel daoulas,13178,-4.36667,48.3667
148,29,guipavas,13403,-4.4,48.4333
149,29,concarneau,19048,-3.91667,47.8667
150,29,morlaix,15421,-3.83333,48.5833
151,29,plouzane,11717,-4.61667,48.3833
152,29,quimper,63550,-4.1,48.0
153,29,douarnenez,14912,-4.33333,48.1
154,29,landerneau,15272,-4.25,48.45
155,29,brest,141303,-4.4833300000000005,48.4
156,30,beaucaire,15946,4.63333,43.8
157,30,pont saint esprit,10437,4.65,44.25
158,30,saint gilles,13564,4.4333300000000015,43.6833
159,30,nimes,142205,4.35,43.8333
160,30,bagnols sur ceze,18245,4.61667,44.1667
161,30,ales,41205,4.08333,44.1333
162,30,vauvert,11023,4.28333,43.7
163,30,villeneuve les avignon,12384,4.79584,43.9664
164,31,saint gaudens,11248,0.733333,43.1167
165,31,colomiers,35186,1.35,43.6167
166,31,muret,23864,1.35,43.4667
167,31,ramonville saint agne,11994,1.46667,43.55
168,31,castanet tolosan,11033,1.5,43.5167
169,31,tournefeuille,25340,1.35,43.5833
170,31,blagnac,21710,1.4,43.6333
171,31,toulouse,441802,1.43333,43.6
172,31,saint jean,10259,1.5,43.6667
173,31,l union,11868,1.48333,43.6667
174,31,saint orens de gameville,10918,1.53333,43.55
175,31,fonsorbes,11111,1.23333,43.5333
176,31,cugnaux,15807,1.36667,43.5333
177,31,balma,13474,1.5,43.6167
178,31,plaisance du touch,16091,1.3,43.5667
179,32,auch,21576,0.583333,43.65
180,33,le bouscat,23095,-0.616667,44.8667
181,33,libourne,23624,-0.233333,44.9167
182,33,floirac,16202,-0.533333,44.8333
183,33,gradignan,23063,-0.616667,44.7667
184,33,bordeaux,239157,-0.566667,44.8333
185,33,begles,24913,-0.533333,44.8
186,33,la teste de buch,24591,-1.13704,44.6343
187,33,eysines,19571,-0.65,44.8833
188,33,arcachon,10975,-1.16355,44.6589
189,33,gujan mestras,19305,-1.06667,44.6333
190,33,andernos les bains,11127,-1.1,44.7429
191,33,saint medard en jalles,27719,-0.733333,44.9
192,33,blanquefort,14779,-0.633333,44.9167
193,33,bruges,14903,-0.616667,44.8833
194,33,lormont,19799,-0.533333,44.8667
195,33,villenave d ornon,28420,-0.55,44.7667
196,33,cestas,16353,-0.683333,44.7333
197,33,ambares et lagrave,13270,-0.486667,44.9248
198,33,talence,40600,-0.6,44.8167
199,33,pessac,58025,-0.616667,44.8
200,33,merignac,66142,-0.633333,44.8333
201,33,cenon,22242,-0.533333,44.85
202,34,mauguio,16307,4.01667,43.6167
203,34,castelnau le lez,14948,3.9,43.6333
204,34,lattes,15927,3.9,43.5667
205,34,agde,24567,3.46667,43.3167
206,34,beziers,70955,3.25,43.35
207,34,meze,10523,3.6,43.4167
208,34,sete,42774,3.68333,43.4
209,34,frontignan,22526,3.75,43.45
210,34,montpellier,257351,3.88333,43.6
211,34,lunel,25277,4.13333,43.6833
212,35,rennes,207178,-1.68333,48.0833
213,35,saint malo,46342,-2.01667,48.65
214,35,dinard,10579,-2.06667,48.6333
215,35,bruz,16465,-1.75,48.0333
216,35,betton,10111,-1.65,48.1833
217,35,fougeres,19779,-1.2,48.35
218,35,vitre,16834,-1.2,48.1333
219,35,saint jacques de la lande,10497,-1.71667,48.0667
220,35,cesson sevigne,15219,-1.6,48.125
221,36,issoudun,13090,2.0,46.95
222,36,chateauroux,46140,1.7,46.8167
223,37,saint cyr sur loire,16072,0.666667,47.4
224,37,amboise,12846,0.983333,47.4167
225,37,chambray les tours,10733,0.716667,47.3333
226,37,tours,134817,0.683333,47.3833
227,37,saint pierre des corps,15227,0.733333,47.3833
228,37,joue les tours,35976,0.666667,47.35
229,37,montlouis sur loire,10487,0.833333,47.3833
230,37,saint avertin,13947,0.733333,47.3667
231,37,fondettes,10377,0.6,47.4
232,37,la riche,10080,0.65,47.3833
233,38,voiron,19893,5.58333,45.3667
234,38,saint martin d heres,36177,5.76667,45.1667
235,38,meylan,17487,5.78333,45.2333
236,38,fontaine,22243,5.66667,45.1833
237,38,echirolles,35748,5.71667,45.1333
238,38,grenoble,155637,5.71667,45.1667
239,38,bourgoin jallieu,26173,5.279719999999998,45.5917
240,38,le pont de claix,11268,5.7,45.1167
241,38,saint egreve,16006,5.68306,45.2317
242,38,villefontaine,18374,5.15,45.6167
243,38,sassenage,10996,5.66667,45.2
244,38,l isle d abeau,15586,5.2333300000000005,45.6167
245,38,seyssinet pariset,12113,5.65,45.1667
246,38,vienne,29328,4.86667,45.5167
247,39,saint claude,11026,5.86667,46.3833
248,39,dole,24629,5.5,47.1
249,39,lons le saunier,17681,5.55,46.6667
250,40,biscarrosse,12197,-1.16667,44.3917
251,40,dax,20665,-1.05,43.7167
252,40,tarnos,11906,-1.46667,43.5333
253,40,mont de marsan,31225,-0.5,43.8833
254,40,saint paul les dax,12409,-1.05,43.7333
255,41,romorantin lanthenay,17027,1.74361,47.3589
256,41,vendome,16920,1.06667,47.8
257,41,blois,46492,1.33333,47.5833
258,42,rive de gier,14996,4.61667,45.5333
259,42,firminy,17133,4.3,45.3833
260,42,montbrison,15299,4.05,45.6
261,42,saint etienne,171260,4.4,45.4333
262,42,le chambon feugerolles,12851,4.3166699999999985,45.4
263,42,saint chamond,35793,4.5,45.4667
264,42,saint just saint rambert,14172,4.24,45.4995
265,42,roche la moliere,10359,4.3166699999999985,45.4333
266,42,roanne,36806,4.0688900000000015,46.0367
267,42,riorges,10714,4.03333,46.0333
268,43,le puy en velay,18521,3.88583,45.0442
269,44,carquefou,17805,-1.5,47.3
270,44,saint herblain,43153,-1.65,47.2167
271,44,pornic,14101,-2.1,47.1167
272,44,bouguenais,18194,-1.61667,47.1833
273,44,saint sebastien sur loire,25017,-1.5,47.2167
274,44,coueron,18591,-1.73333,47.2167
275,44,orvault,24504,-1.61667,47.2667
276,44,pornichet,10451,-2.35,47.25
277,44,vertou,21443,-1.48333,47.1667
278,44,nantes,284970,-1.55,47.2167
279,44,sainte luce sur loire,11907,-1.5,47.25
280,44,reze,38425,-1.56667,47.2
281,44,chateaubriant,12022,-1.38333,47.7167
282,44,guerande,15534,-2.43333,47.3333
283,44,saint brevin les pins,12248,-2.16667,47.25
284,44,la baule escoublac,16040,-2.36667,47.3
285,44,la chapelle sur erdre,17300,-1.55,47.3
286,44,saint nazaire,67031,-2.2,47.2833
287,45,amilly,11588,2.77028,47.9731
288,45,saint jean de braye,19057,1.96667,47.9
289,45,gien,14684,2.63333,47.7
290,45,montargis,14649,2.75,48.0
291,45,chalette sur loing,13050,2.73333,48.0167
292,45,fleury les aubrais,21171,1.91667,47.9333
293,45,saran,15120,1.88333,47.95
294,45,saint jean de la ruelle,16631,1.86667,47.9167
295,45,orleans,114167,1.9,47.9167
296,45,olivet,19583,1.9,47.8667
297,46,cahors,20194,1.43333,44.4333
298,47,agen,33981,0.633333,44.2
299,47,villeneuve sur lot,23513,0.716667,44.4
300,47,marmande,18400,0.166667,44.5
301,48,mende,12140,3.5,44.5167
302,49,cholet,54098,-0.883333,47.0667
303,49,angers,147571,-0.55,47.4667
304,49,trelaze,12384,-0.466667,47.45
305,49,avrille,12639,-0.583333,47.5
306,49,les ponts de ce,11696,-0.516667,47.4167
307,49,saumur,27283,-0.083333,47.2667
308,50,equeurdreville hainneville,17339,0.345279,49.6484
309,50,tourlaville,15910,-1.56667,49.6333
310,50,granville,12969,-1.6,48.8333
311,50,cherbourg octeville,38433,-1.65,49.65
312,50,saint lo,18718,-1.08333,49.1167
313,51,reims,179992,4.03333,49.25
314,51,epernay,24035,3.95,49.05
315,51,vitry le francois,13384,4.58333,48.7333
316,51,chalons en champagne,45299,4.36667,48.9583
317,51,tinqueux,10300,3.983330000000001,49.25
318,52,chaumont,23011,5.13333,48.1167
319,52,saint dizier,25526,4.95,48.6333
320,53,chateau gontier,11585,-0.7,47.8333
321,53,mayenne,13299,-0.616667,48.3
322,53,laval,50940,-0.766667,48.0667
323,54,longwy,14420,5.76667,49.5167
324,54,nancy,105421,6.2,48.6833
325,54,pont a mousson,14505,6.0666699999999985,48.9
326,54,luneville,19740,6.5,48.6
327,54,vandoeuvre les nancy,30974,6.1833300000000015,48.65
328,54,dombasle sur meurthe,10028,6.35,48.6333
329,54,toul,15693,5.9,48.6833
330,54,villers les nancy,14341,6.15,48.6667
331,54,laxou,14812,6.15,48.6833
332,55,verdun,18513,5.38278,49.1598
333,55,bar le duc,15898,5.16667,48.7833
334,56,auray,12322,-2.98333,47.6667
335,56,pontivy,13765,-2.98333,48.0667
336,56,lorient,57204,-3.36667,47.75
337,56,vannes,52515,-2.75,47.6667
338,56,lanester,22219,-3.35,47.75
339,56,hennebont,15191,-3.2833300000000003,47.8
340,56,ploemeur,17805,-3.43333,47.7333
341,56,guidel,10359,2.51139,47.7906
342,56,saint ave,10450,-2.75,47.6833
343,57,stiring wendel,12438,6.9333300000000015,49.2
344,57,yutz,16171,6.1886199999999985,49.3589
345,57,florange,11454,6.11667,49.3333
346,57,amneville,10100,6.15,49.2667
347,57,forbach,21510,6.9,49.1833
348,57,woippy,13046,6.15,49.15
349,57,freyming merlebach,13229,6.798889999999999,49.1417
350,57,metz,120738,6.16667,49.1333
351,57,hayange,15604,6.05,49.3333
352,57,fameck,12637,6.11667,49.3
353,57,thionville,41015,6.16667,49.3667
354,57,sarrebourg,12565,7.05,48.7333
355,57,maizieres les metz,10710,6.15,49.2167
356,57,saint avold,16273,6.7,49.1
357,57,sarreguemines,21540,7.05,49.1
358,57,montigny les metz,22540,6.15,49.1
359,57,creutzwald,13483,6.69584,49.2053
360,58,cosne cours sur loire,10653,2.9275,47.4122
361,58,nevers,36762,3.16667,46.9833
362,59,roubaix,94713,3.16667,50.7
363,59,wattrelos,41541,3.21667,50.7
364,59,villeneuve d ascq,63572,3.14167,50.6833
365,59,roncq,12848,3.11667,50.75
366,59,fourmies,12687,4.05,50.0
367,59,lille,227560,3.06667,50.6333
368,59,mons en baroeul,21887,3.10778,50.642
369,59,wattignies,13223,3.05,50.5833
370,59,sin le noble,16257,3.11667,50.3667
371,59,aniche,10347,3.25,50.3333
372,59,loos,21592,3.01667,50.6167
373,59,halluin,20199,3.13333,50.7833
374,59,valenciennes,43335,3.5333300000000003,50.35
375,59,la madeleine,22442,3.06667,50.65
376,59,lys lez lannoy,12950,3.21445,50.6714
377,59,saint saulve,10983,3.55,50.3667
378,59,hazebrouck,21598,2.53333,50.7167
379,59,bruay sur l escaut,12276,3.5333300000000003,50.3833
380,59,vieux conde,10494,3.33333,50.4833
381,59,gravelines,11516,2.125,50.9833
382,59,hautmont,14239,3.93333,50.25
383,59,saint andre lez lille,11336,3.04389,50.6603
384,59,maubeuge,31046,3.96667,50.2833
385,59,tourcoing,91923,3.15,50.7167
386,59,caudry,14393,3.41667,50.1333
387,59,neuville en ferrain,10132,3.15,50.75
388,59,coudekerque branche,22474,2.4,51.0333
389,59,croix,20676,3.15,50.6667
390,59,anzin,13412,3.5,50.3667
391,59,comines,12372,3.01667,50.7667
392,59,marly,11871,3.55,50.35
393,59,ronchin,18120,3.1,50.6
394,59,dunkerque,92005,2.36667,51.05
395,59,douchy les mines,10425,3.3833300000000004,50.3
396,59,saint amand les eaux,16697,3.43333,50.4333
397,59,douai,42197,3.06667,50.3667
398,59,armentieres,25375,2.88333,50.6833
399,59,wasquehal,20046,3.15,50.6667
400,59,mouvaux,13566,3.13333,50.7
401,59,seclin,12295,3.03333,50.55
402,59,lambersart,28504,3.03333,50.65
403,59,bailleul,14480,2.73333,50.7333
404,59,cambrai,32584,3.23333,50.1667
405,59,marcq en baroeul,38947,3.08333,50.6667
406,59,denain,20351,3.3833300000000004,50.3333
407,59,hem,17369,3.2,50.65
408,59,raismes,12754,3.4833300000000005,50.3833
409,59,haubourdin,14455,2.98333,50.6
410,59,grande synthe,20991,2.28333,51.0167
411,59,faches thumesnil,17407,3.06667,50.5833
412,59,somain,12506,3.2833300000000003,50.3667
413,60,compiegne,40517,2.83333,49.4167
414,60,nogent sur oise,18833,2.46667,49.2667
415,60,meru,13269,2.13333,49.2333
416,60,senlis,16170,2.58333,49.2
417,60,noyon,13478,3.0,49.5833
418,60,creil,33601,2.48333,49.2667
419,60,crepy en valois,14058,2.9,49.2333
420,60,pont sainte maxence,11775,2.6,49.3
421,60,beauvais,54711,2.08333,49.4333
422,60,montataire,12500,2.43333,49.2667
423,60,chantilly,10876,2.46667,49.2
424,60,clermont,10573,2.4,49.3833
425,61,flers,15356,-0.566667,48.75
426,61,argentan,14369,-0.016666999999999998,48.75
427,61,alencon,26704,0.083333,48.4333
428,62,mericourt,11956,2.86667,50.4
429,62,lievin,31873,2.76667,50.4167
430,62,auchel,11031,2.46667,50.5
431,62,henin beaumont,26278,2.93333,50.4167
432,62,saint omer,14506,2.25,50.75
433,62,harnes,12373,2.9,50.45
434,62,arras,41611,2.78333,50.2833
435,62,noeux les mines,12206,2.66667,50.4833
436,62,montigny en gohelle,10047,2.93333,50.4333
437,62,calais,73636,1.83333,50.95
438,62,boulogne sur mer,43070,1.61667,50.7167
439,62,etaples,11279,1.65,50.5167
440,62,lillers,10055,2.48333,50.5667
441,62,bethune,25655,2.63333,50.5333
442,62,carvin,17152,2.96667,50.4833
443,62,bully les mines,12337,2.71667,50.4333
444,62,bruay la buissiere,23408,2.54778,50.4812
445,62,avion,17271,2.83333,50.4
446,62,outreau,14527,1.58333,50.7
447,62,courrieres,10602,2.93333,50.45
448,62,longuenesse,10925,2.23333,50.7333
449,62,lens,35032,2.83333,50.4333
450,62,berck,15367,1.59278,50.4084
451,62,saint martin boulogne,11230,1.63333,50.7167
452,63,pont du chateau,10612,3.25,45.8
453,63,cournon d auvergne,19244,3.21667,45.75
454,63,clermont ferrand,139860,3.08333,45.7833
455,63,issoire,14012,3.25,45.55
456,63,chamalieres,17081,3.06667,45.7833
457,63,thiers,11250,3.56667,45.85
458,63,gerzat,10393,3.15,45.8333
459,63,riom,17941,3.11667,45.9
460,63,beaumont,10933,3.1,45.75
461,64,hendaye,15370,-1.775,43.3583
462,64,pau,81166,-0.366667,43.3
463,64,oloron sainte marie,10800,-0.6,43.2
464,64,lons,12147,-0.4,43.3167
465,64,bayonne,44820,-1.48333,43.4833
466,64,biarritz,25306,-1.56667,43.4833
467,64,anglet,38032,-1.53333,43.4833
468,64,orthez,10982,-0.766667,43.4833
469,64,saint jean de luz,12969,-1.66667,43.3833
470,64,billere,13142,-0.4,43.3
471,65,tarbes,43034,0.083333,43.2333
472,65,lourdes,14743,-0.05,43.1
473,66,saint cyprien,10476,3.0,42.6167
474,66,saint esteve,10838,2.85,42.7
475,66,canet en roussillon,13293,3.00778,42.7067
476,66,perpignan,117419,2.88333,42.6833
477,67,ostwald,11310,7.71667,48.55
478,67,obernai,10731,7.48333,48.4667
479,67,saverne,12087,7.36667,48.7333
480,67,strasbourg,271782,7.75,48.5833
481,67,bischwiller,12703,7.86667,48.7667
482,67,bischheim,17770,7.75,48.6167
483,67,schiltigheim,30952,7.75,48.6
484,67,illkirch graffenstaden,26805,7.71667,48.5333
485,67,selestat,19197,7.45,48.2667
486,67,hoenheim,10495,7.75,48.6167
487,67,erstein,10791,7.66667,48.4333
488,67,haguenau,34280,7.78333,48.8167
489,67,lingolsheim,16441,7.6833300000000015,48.5667
490,68,wittelsheim,10268,7.25,47.8167
491,68,colmar,67615,7.36667,48.0833
492,68,kingersheim,12779,7.33333,47.8
493,68,saint louis,20127,7.5666699999999985,47.5833
494,68,illzach,14596,7.33333,47.7833
495,68,wittenheim,14194,7.33333,47.8167
496,68,cernay,11268,7.16667,47.8167
497,68,riedisheim,12301,7.36667,47.75
498,68,rixheim,12996,7.4,47.7667
499,68,guebwiller,11461,7.2,47.9167
500,68,mulhouse,109588,7.33333,47.75
501,69,oullins,25152,4.8,45.7167
502,69,venissieux,59855,4.88333,45.6833
503,69,villefranche sur saone,35326,4.71667,45.9833
504,69,tassin la demi lune,19511,4.78333,45.7667
505,69,mions,11793,4.95,45.6667
506,69,corbas,10210,4.9,45.6667
507,69,caluire et cuire,41209,4.85,45.8
508,69,saint fons,16666,4.86667,45.7
509,69,saint genis laval,20357,4.8,45.6833
510,69,lyon,484344,4.8413900000000005,45.7589
511,69,saint priest,41964,4.9333300000000015,45.6917
512,69,genas,12126,5.0,45.7333
513,69,vaulx en velin,41421,4.9333300000000015,45.7833
514,69,villeurbanne,145150,4.88333,45.7667
515,69,francheville,12929,4.76667,45.7333
516,69,brignais,11350,4.75,45.6667
517,69,meyzieu,30272,5.00333,45.7672
518,69,bron,38717,4.91667,45.7333
519,69,rillieux la pape,29952,4.8983300000000005,45.8214
520,69,ecully,17998,4.76667,45.7667
521,69,decines charpieu,25562,4.96667,45.75
522,69,tarare,10333,4.4333300000000015,45.9
523,69,givors,19118,4.76667,45.5833
524,69,sainte foy les lyon,21742,4.8,45.7333
525,70,vesoul,15761,6.16667,47.6333
526,70,hericourt,10349,6.75,47.5833
527,71,le creusot,22783,4.4333300000000015,46.8
528,71,montceau les mines,19372,4.36667,46.6667
529,71,macon,34040,4.83333,46.3
530,71,chalon sur saone,44985,4.85,46.7833
531,71,autun,14256,4.3,46.95
532,72,le mans,142626,0.2,48.0
533,72,allonnes,11064,0.15,47.9667
534,72,sable sur sarthe,12466,-0.333333,47.8333
535,72,la fleche,15087,-0.083333,47.7
536,73,aix les bains,27750,5.91667,45.7
537,73,albertville,18876,6.38333,45.6833
538,73,chambery,57342,5.9333300000000015,45.5667
539,73,la motte servolex,11101,5.88333,45.6
540,74,la roche sur foron,10446,6.3166699999999985,46.0667
541,74,seynod,18842,6.08333,45.8833
542,74,annecy,50379,6.11667,45.9
543,74,bonneville,11908,6.41667,46.0833
544,74,passy,11492,6.6833300000000015,45.9167
545,74,thonon les bains,33925,6.4833300000000005,46.3667
546,74,annecy le vieux,19968,6.15,45.9167
547,74,cran gevrier,17227,6.1,45.9
548,74,gaillard,11181,6.21667,46.1833
549,74,sallanches,15531,6.63333,45.9333
550,74,rumilly,13497,5.95,45.8667
551,74,annemasse,32196,6.25,46.2
552,74,saint julien en genevois,11836,6.08333,46.1333
553,74,cluses,17408,6.6,46.0667
554,75,paris,2243833,2.34445,48.86
555,76,le petit quevilly,21898,1.03333,49.4333
556,76,oissel,11516,1.1,49.3333
557,76,yvetot,11816,0.766667,49.6167
558,76,le grand quevilly,24930,1.03333,49.4167
559,76,elbeuf,17178,1.0,49.2833
560,76,bois guillaume,21270,1.13333,49.4667
561,76,barentin,12108,0.95,49.55
562,76,saint etienne du rouvray,28102,1.1,49.3833
563,76,deville les rouen,10188,1.03333,49.4667
564,76,maromme,11363,1.03333,49.4667
565,76,rouen,110933,1.08333,49.4333
566,76,mont saint aignan,19341,1.08333,49.4667
567,76,dieppe,31963,1.08333,49.9333
568,76,montivilliers,16611,0.2,49.55
569,76,sotteville les rouen,28835,1.1,49.4167
570,76,fecamp,19207,0.366667,49.75
571,76,canteleu,14825,1.03333,49.45
572,76,bolbec,11812,0.483333,49.5667
573,76,le havre,175497,0.13333299999999998,49.5
574,77,avon,13984,2.71667,48.4
575,77,lieusaint,10577,2.55,48.6333
576,77,moissy cramayel,17272,2.6,48.6167
577,77,lagny sur marne,20236,2.71667,48.8667
578,77,claye souilly,11026,2.7,48.95
579,77,champs sur marne,24418,2.6,48.85
580,77,chelles,52779,2.6,48.8833
581,77,torcy,22425,2.65,48.85
582,77,dammarie les lys,20722,2.63445,48.5153
583,77,roissy en brie,22321,2.65,48.8
584,77,fontainebleau,15107,2.7,48.4
585,77,meaux,50755,2.86667,48.95
586,77,nemours,12745,2.7,48.2667
587,77,brie comte robert,16251,2.61667,48.6833
588,77,vaires sur marne,12293,2.65,48.8667
589,77,montereau fault yonne,16681,2.95,48.3833
590,77,combs la ville,21554,2.56667,48.6667
591,77,pontault combault,35561,2.60528,48.7984
592,77,coulommiers,14544,3.08333,48.8167
593,77,vaux le penil,10866,2.66667,48.5333
594,77,ozoir la ferriere,20268,2.66667,48.7667
595,77,noisiel,15660,2.63333,48.85
596,77,lognes,14560,2.61667,48.8333
597,77,provins,12301,3.3,48.55
598,77,bussy saint georges,23341,2.7,48.85
599,77,melun,39589,2.66667,48.5333
600,77,savigny le temple,28599,2.58333,48.5667
601,77,le mee sur seine,20609,2.63333,48.5333
602,77,saint fargeau ponthierry,12462,2.54528,48.5333
603,77,mitry mory,18499,2.61667,48.9833
604,77,villeparisis,24122,2.61667,48.9333
605,78,rambouillet,26159,1.83333,48.65
606,78,montesson,15193,2.15,48.9167
607,78,le vesinet,16249,2.11667,48.9
608,78,maisons laffitte,22817,2.15,48.95
609,78,maurepas,18679,1.91667,48.7667
610,78,houilles,31557,2.2,48.9167
611,78,les mureaux,30859,1.91667,49.0
612,78,sartrouville,51150,2.18333,48.95
613,78,croissy sur seine,10048,2.13333,48.8667
614,78,bois d arcy,13693,2.01667,48.8
615,78,triel sur seine,11598,2.0,48.9833
616,78,acheres,19626,2.06667,48.9667
617,78,carrieres sous poissy,15234,2.03333,48.95
618,78,poissy,37680,2.05,48.9333
619,78,marly le roi,16614,2.08333,48.8667
620,78,carrieres sur seine,15473,2.18333,48.9167
621,78,verneuil sur seine,15178,1.98333,48.9833
622,78,andresy,12174,2.06667,48.9833
623,78,plaisir,30958,1.95,48.8167
624,78,mantes la ville,19234,1.71667,48.9667
625,78,saint cyr l ecole,17401,2.06667,48.8
626,78,versailles,86110,2.13333,48.8
627,78,guyancourt,27966,2.06667,48.7667
628,78,chatou,30173,2.15,48.8833
629,78,trappes,29380,2.0,48.7833
630,78,fontenay le fleury,12732,2.05,48.8167
631,78,le chesnay,28975,2.125,48.825
632,78,conflans sainte honorine,35380,2.1,48.9833
633,78,mantes la jolie,42969,1.71667,48.9833
634,78,saint germain en laye,40481,2.08333,48.9
635,78,aubergenville,12020,1.85,48.9667
636,78,voisins le bretonneux,11730,2.05,48.75
637,78,les clayes sous bois,17553,1.98333,48.8167
638,78,le pecq,16496,2.1,48.9
639,78,montigny le bretonneux,33337,2.03333,48.7667
640,78,elancourt,26829,1.95,48.7833
641,78,viroflay,15905,2.16667,48.8
642,78,limay,16302,1.73333,48.9833
643,78,la celle saint cloud,20971,2.15,48.85
644,78,velizy villacoublay,20089,2.18333,48.8
645,79,parthenay,10478,-0.25,46.65
646,79,niort,57325,-0.466667,46.3167
647,79,bressuire,18615,-0.483333,46.85
648,80,abbeville,24155,1.83333,50.1
649,80,amiens,133448,2.3,49.9
650,81,albi,48916,2.15,43.9333
651,81,gaillac,13293,1.91667,43.9
652,81,lavaur,10148,1.81667,43.7
653,81,graulhet,11955,2.0,43.7667
654,81,carmaux,10116,2.15,44.05
655,81,castres,42314,2.25,43.6
656,82,castelsarrasin,12770,1.1,44.0333
657,82,moissac,12192,1.08333,44.1
658,82,montauban,56271,1.35,44.0167
659,83,cogolin,11108,6.53333,43.25
660,83,sainte maxime,12938,6.63333,43.3
661,83,sollies pont,11090,6.05,43.1833
662,83,saint cyr sur mer,11819,5.71667,43.1833
663,83,la garde,25930,6.01056,43.1248
664,83,sanary sur mer,16429,5.8,43.1167
665,83,hyeres,54600,6.11667,43.1167
666,83,la valette du var,20754,5.9833300000000005,43.1333
667,83,ollioules,12774,5.85,43.1333
668,83,saint maximin la sainte baume,14505,5.86667,43.45
669,83,roquebrune sur argens,12822,6.63333,43.4333
670,83,le pradet,11506,6.01667,43.1
671,83,six fours les plages,34897,5.83945,43.0934
672,83,vidauban,10165,6.4333300000000015,43.4167
673,83,draguignan,36391,6.46667,43.5333
674,83,frejus,51839,6.736110000000001,43.4339
675,83,cuers,10246,6.0666699999999985,43.2333
676,83,la crau,16786,6.0666699999999985,43.15
677,83,toulon,164532,5.9333300000000015,43.1167
678,83,brignoles,16368,6.0666699999999985,43.4
679,83,saint raphael,33603,6.76667,43.4167
680,83,la seyne sur mer,62082,5.88333,43.1
681,84,le pontet,16731,4.85,43.9667
682,84,cavaillon,24951,5.03805,43.8375
683,84,vedene,10580,4.9,43.9833
684,84,pernes les fontaines,10405,5.05,44.0
685,84,sorgues,18046,4.86667,44.0
686,84,l isle sur la sorgue,19048,5.05,43.9167
687,84,carpentras,29278,5.05,44.05
688,84,bollene,13843,4.75,44.2833
689,84,monteux,10989,5.0,44.0333
690,84,orange,29135,4.8,44.1333
691,84,avignon,89683,4.8166699999999985,43.95
692,84,pertuis,18931,5.5,43.6833
693,84,apt,11755,5.4,43.8833
694,85,chateau d olonne,13353,-1.73333,46.5
695,85,fontenay le comte,14339,-0.816667,46.4667
696,85,olonne sur mer,13618,-1.78333,46.5333
697,85,challans,18686,-1.88333,46.85
698,85,les sables d olonne,14603,-1.78333,46.5
699,85,la roche sur yon,52664,-1.43333,46.6667
700,85,saint hilaire de riez,10488,-1.95,46.7167
701,85,les herbiers,15229,-1.01667,46.8667
702,86,buxerolles,10047,0.483333,46.6167
703,86,poitiers,87697,0.333333,46.5833
704,86,chatellerault,32459,0.533333,46.8
705,87,saint junien,11455,0.9,45.8833
706,87,limoges,139150,1.25,45.85
707,87,panazol,10392,1.3,45.8333
708,88,epinal,32842,6.45,48.1833
709,88,saint die des vosges,21447,6.95,48.2833
710,89,sens,24883,3.28389,48.1981
711,89,joigny,10249,3.4,47.9833
712,89,auxerre,36200,3.56667,47.8
713,90,belfort,50078,6.86667,47.6333
714,91,brunoy,25377,2.5,48.7
715,91,evry,52135,2.45,48.6333
716,91,draveil,28491,2.41667,48.6833
717,91,mennecy,13395,2.43333,48.5667
718,91,grigny,26638,2.38333,48.65
719,91,ris orangis,27463,2.41667,48.65
720,91,palaiseau,30285,2.25,48.7167
721,91,arpajon,10574,2.25,48.5833
722,91,epinay sur orge,10104,2.33333,48.6667
723,91,verrieres le buisson,15418,2.26667,48.75
724,91,saint michel sur orge,20046,2.3,48.6333
725,91,vigneux sur seine,27331,2.41667,48.7
726,91,courcouronnes,13812,2.4,48.6167
727,91,igny,10336,2.21667,48.7333
728,91,viry chatillon,32045,2.38333,48.6667
729,91,etampes,23158,2.15,48.4333
730,91,corbeil essonnes,43086,2.48333,48.6
731,91,orsay,15966,2.18333,48.7
732,91,massy,42258,2.28333,48.7333
733,91,yerres,29050,2.5,48.7167
734,91,gif sur yvette,20654,2.13333,48.6833
735,91,morangis,12136,2.33333,48.7
736,91,chilly mazarin,18484,2.3,48.7
737,91,epinay sous senart,12171,2.51667,48.6833
738,91,les ulis,24792,2.1675,48.6823
739,91,athis mons,30393,2.4,48.7167
740,91,morsang sur orge,20944,2.35,48.6667
741,91,juvisy sur orge,14634,2.38333,48.6833
742,91,montgeron,22880,2.45,48.7
743,91,bretigny sur orge,23334,2.31667,48.6167
744,91,sainte genevieve des bois,34195,2.33333,48.6333
745,91,savigny sur orge,36842,2.35,48.6667
746,91,longjumeau,21361,2.3,48.7
747,92,neuilly sur seine,61754,2.26667,48.8833
748,92,chatillon,32619,2.28333,48.8
749,92,bois colombes,29284,2.26667,48.9167
750,92,puteaux,44753,2.23333,48.8667
751,92,clamart,52546,2.26667,48.8
752,92,meudon,45058,2.24167,48.8083
753,92,issy les moulineaux,64355,2.26667,48.8167
754,92,rueil malmaison,79426,2.2,48.8833
755,92,antony,61793,2.3,48.75
756,92,le plessis robinson,27727,2.26667,48.7833
757,92,levallois perret,64253,2.28333,48.9
758,92,boulogne billancourt,114205,2.25,48.8333
759,92,asnieres sur seine,82327,2.28556,48.9112
760,92,colombes,85398,2.25,48.9167
761,92,fontenay aux roses,23351,2.28333,48.7833
762,92,garches,18169,2.18333,48.8417
763,92,villeneuve la garenne,25183,2.33333,48.9333
764,92,courbevoie,87469,2.25222,48.8973
765,92,montrouge,48597,2.31667,48.8167
766,92,chatenay malabry,32111,2.26667,48.7667
767,92,clichy,58916,2.3,48.9
768,92,vanves,27002,2.3,48.8333
769,92,ville d avray,10828,2.19167,48.825
770,92,suresnes,46723,2.23333,48.8667
771,92,sevres,22978,2.2,48.8167
772,92,sceaux,19638,2.28333,48.7833
773,92,chaville,18668,2.2,48.8
774,92,la garenne colombes,27628,2.25,48.9
775,92,gennevilliers,41364,2.3,48.9333
776,92,nanterre,89185,2.2,48.9
777,92,saint cloud,29873,2.21667,48.8417
778,92,malakoff,30982,2.3,48.8167
779,92,bagneux,38080,2.3,48.8
780,92,bourg la reine,19985,2.31667,48.775
781,93,le bourget,14864,2.41667,48.9333
782,93,bagnolet,33883,2.41667,48.8667
783,93,la courneuve,38007,2.38333,48.9167
784,93,les pavillons sous bois,21746,2.51667,48.9
785,93,sevran,49832,2.53333,48.9333
786,93,villemomble,28006,2.5,48.8833
787,93,montreuil,102770,2.43333,48.8667
788,93,livry gargan,41808,2.55,48.9167
789,93,aulnay sous bois,82120,2.51667,48.95
790,93,dugny,10656,2.41667,48.95
791,93,villetaneuse,12592,2.34167,48.9583
792,93,le raincy,13828,2.51667,48.9
793,93,saint denis,106785,2.35833,48.9333
794,93,les lilas,22228,2.43333,48.8833
795,93,clichy sous bois,29750,2.55,48.9167
796,93,noisy le grand,62964,2.56667,48.85
797,93,romainville,25771,2.43333,48.8833
798,93,aubervilliers,76087,2.38333,48.9167
799,93,noisy le sec,39733,2.46667,48.8833
800,93,villepinte,35658,2.53333,48.9667
801,93,bobigny,47492,2.45,48.9
802,93,pierrefitte sur seine,27883,2.36667,48.9667
803,93,tremblay en france,34493,2.57639,48.9562
804,93,montfermeil,25269,2.56667,48.9
805,93,le pre saint gervais,18045,2.4,48.8833
806,93,stains,33829,2.38333,48.95
807,93,pantin,54136,2.4,48.9
808,93,neuilly plaisance,20508,2.51667,48.8667
809,93,rosny sous bois,41050,2.48333,48.8667
810,93,saint ouen,47189,2.33333,48.9
811,93,bondy,53530,2.46667,48.9
812,93,epinay sur seine,54518,2.30833,48.95
813,93,neuilly sur marne,33498,2.53333,48.85
814,93,drancy,66410,2.45,48.9333
815,93,le blanc mesnil,51438,2.45,48.9333
816,93,gagny,39056,2.53333,48.8833
817,94,fontenay sous bois,53145,2.48333,48.85
818,94,l hay les roses,30201,2.33333,48.7833
819,94,limeil brevannes,19901,2.48333,48.7333
820,94,alfortville,44201,2.41667,48.8
821,94,le plessis trevise,19194,2.56667,48.8167
822,94,choisy le roi,40905,2.41667,48.7667
823,94,saint mande,22396,2.41667,48.8333
824,94,fresnes,26248,2.31667,48.75
825,94,villiers sur marne,27338,2.55,48.8333
826,94,le kremlin bicetre,26046,2.36667,48.8167
827,94,boissy saint leger,16705,2.51667,48.75
828,94,la queue en brie,11381,2.58333,48.7833
829,94,arcueil,19775,2.33333,48.8
830,94,le perreux sur marne,32520,2.5,48.85
831,94,valenton,12081,2.46667,48.75
832,94,nogent sur marne,31637,2.48333,48.8333
833,94,cachan,28248,2.33333,48.7833
834,94,saint maur des fosses,74816,2.5,48.8
835,94,thiais,29653,2.38333,48.7667
836,94,sucy en brie,25820,2.53333,48.7667
837,94,vincennes,48471,2.43333,48.85
838,94,charenton le pont,29348,2.41667,48.8167
839,94,saint maurice,14512,2.45833,48.8167
840,94,bry sur marne,15625,2.51667,48.8333
841,94,bonneuil sur marne,16513,2.48333,48.7667
842,94,joinville le pont,17802,2.46667,48.8167
843,94,gentilly,17097,2.33333,48.8167
844,94,villejuif,55490,2.36667,48.8
845,94,vitry sur seine,85413,2.4,48.7833
846,94,chevilly larue,18498,2.35,48.7667
847,94,chennevieres sur marne,18049,2.51667,48.8
848,94,champigny sur marne,75510,2.51667,48.8167
849,94,ivry sur seine,57732,2.38333,48.8167
850,94,maisons alfort,52943,2.43333,48.8
851,94,orly,21395,2.4,48.75
852,94,villeneuve le roi,18479,2.41667,48.7333
853,94,villeneuve saint georges,32239,2.45,48.7333
854,94,creteil,89985,2.46667,48.7833
855,95,osny,16236,2.06667,49.0667
856,95,cergy,56988,2.06667,49.0333
857,95,jouy le moutier,16589,2.03333,49.0167
858,95,domont,14827,2.33333,49.0333
859,95,montmorency,21194,2.33333,49.0
860,95,pontoise,29548,2.1,49.05
861,95,vaureal,16180,2.03333,49.0333
862,95,herblay,26016,2.16667,49.0
863,95,ermont,27446,2.26667,48.9833
864,95,saint brice sous foret,14320,2.36667,49.0
865,95,goussainville,30996,2.46667,49.0167
866,95,franconville,33097,2.23333,48.9833
867,95,gonesse,26356,2.45,48.9833
868,95,deuil la barre,21509,2.33333,48.9833
869,95,bezons,27987,2.21667,48.9333
870,95,saint gratien,20156,2.28333,48.9667
871,95,taverny,26144,2.21667,49.0333
872,95,cormeilles en parisis,23038,2.2,48.9833
873,95,sannois,26090,2.25,48.9667
874,95,saint leu la foret,14766,2.25,49.0167
875,95,saint ouen l aumone,23608,2.11667,49.05
876,95,persan,10498,2.26667,49.15
877,95,l isle adam,11744,2.23333,49.1167
878,95,garges les gonesse,40012,2.41667,48.9667
879,95,montmagny,14250,2.35,48.9667
880,95,montigny les cormeilles,19041,2.18333,48.9833
881,95,eaubonne,24062,2.28333,49.0
882,95,argenteuil,103125,2.25,48.95
883,95,villiers le bel,26736,2.38333,49.0
884,95,eragny,16886,2.1,49.0167
885,95,sarcelles,58614,2.38333,49.0
886,95,soisy sous montmorency,17428,2.3,48.9833
887,95,enghien les bains,11809,2.31667,48.9667
888,95,arnouville,13538,2.41667,48.9833
